Parent Category,Category,Brand,Description,Status
Grocery,Rice,Guard,Guard brand for Grocery > Rice,Active
Grocery,Rice,Falak,Falak brand for Grocery > Rice,Active
Grocery,Rice,Kashmir,Kashmir brand for Grocery > Rice,Active
Grocery,Rice,Lal Qilla,Lal Qilla brand for Grocery > Rice,Active
Grocery,Rice,Shan,Shan brand for Grocery > Rice,Active
Grocery,Rice,Tilda,Tilda brand for Grocery > Rice,Active
Grocery,Rice,Store Brand,Store Brand brand for Grocery > Rice,Active
Grocery,Rice,Local Rice Mill,Local Rice Mill brand for Grocery > Rice,Active
Grocery,Flour & Grains,Sunridge,Sunridge brand for Grocery > Flour & Grains,Active
Grocery,Flour & Grains,Bake Parlor,Bake Parlor brand for Grocery > Flour & Grains,Active
Grocery,Flour & Grains,Nature's Own,Nature's Own brand for Grocery > Flour & Grains,Active
Grocery,Flour & Grains,Store Brand,Store Brand brand for Grocery > Flour & Grains,Active
Grocery,Flour & Grains,Local Mill,Local Mill brand for Grocery > Flour & Grains,Active
Grocery,Pulses,Store Brand,Store Brand brand for Grocery > Pulses,Active
Grocery,Pulses,Local Mill,Local Mill brand for Grocery > Pulses,Active
Grocery,Pulses,Punjab Daal,Punjab Daal brand for Grocery > Pulses,Active
Grocery,Pulses,Metro Chef,Metro Chef brand for Grocery > Pulses,Active
Grocery,Pulses,Organic Village,Organic Village brand for Grocery > Pulses,Active
Grocery,Sugar & Sweeteners,Store Brand,Store Brand brand for Grocery > Sugar & Sweeteners,Active
Grocery,Sugar & Sweeteners,Local Mill,Local Mill brand for Grocery > Sugar & Sweeteners,Active
Grocery,Sugar & Sweeteners,Sugarland,Sugarland brand for Grocery > Sugar & Sweeteners,Active
Grocery,Sugar & Sweeteners,Equal,Equal brand for Grocery > Sugar & Sweeteners,Active
Grocery,Sugar & Sweeteners,Canderel,Canderel brand for Grocery > Sugar & Sweeteners,Active
Grocery,Salt,National,National brand for Grocery > Salt,Active
Grocery,Salt,Shan,Shan brand for Grocery > Salt,Active
Grocery,Salt,Himalayan Chef,Himalayan Chef brand for Grocery > Salt,Active
Grocery,Salt,Store Brand,Store Brand brand for Grocery > Salt,Active
Grocery,Salt,Local Brand,Local Brand brand for Grocery > Salt,Active
Grocery,Spices,National,National brand for Grocery > Spices,Active
Grocery,Spices,Shan,Shan brand for Grocery > Spices,Active
Grocery,Spices,Mehran,Mehran brand for Grocery > Spices,Active
Grocery,Spices,Laziza,Laziza brand for Grocery > Spices,Active
Grocery,Spices,Chef's Pride,Chef's Pride brand for Grocery > Spices,Active
Grocery,Spices,Store Brand,Store Brand brand for Grocery > Spices,Active
Grocery,Recipe Mixes & Masalas,National,National brand for Grocery > Recipe Mixes & Masalas,Active
Grocery,Recipe Mixes & Masalas,Shan,Shan brand for Grocery > Recipe Mixes & Masalas,Active
Grocery,Recipe Mixes & Masalas,Mehran,Mehran brand for Grocery > Recipe Mixes & Masalas,Active
Grocery,Recipe Mixes & Masalas,Laziza,Laziza brand for Grocery > Recipe Mixes & Masalas,Active
Grocery,Recipe Mixes & Masalas,Ahmed Foods,Ahmed Foods brand for Grocery > Recipe Mixes & Masalas,Active
Grocery,Cooking Oil,Dalda,Dalda brand for Grocery > Cooking Oil,Active
Grocery,Cooking Oil,Mezan,Mezan brand for Grocery > Cooking Oil,Active
Grocery,Cooking Oil,Sufi,Sufi brand for Grocery > Cooking Oil,Active
Grocery,Cooking Oil,Habib,Habib brand for Grocery > Cooking Oil,Active
Grocery,Cooking Oil,Eva,Eva brand for Grocery > Cooking Oil,Active
Grocery,Cooking Oil,Kisan,Kisan brand for Grocery > Cooking Oil,Active
Grocery,Cooking Oil,Canolive,Canolive brand for Grocery > Cooking Oil,Active
Grocery,Ghee,Dalda,Dalda brand for Grocery > Ghee,Active
Grocery,Ghee,Mezan,Mezan brand for Grocery > Ghee,Active
Grocery,Ghee,Sufi,Sufi brand for Grocery > Ghee,Active
Grocery,Ghee,Habib,Habib brand for Grocery > Ghee,Active
Grocery,Ghee,Kisan,Kisan brand for Grocery > Ghee,Active
Grocery,Ghee,Tullo,Tullo brand for Grocery > Ghee,Active
Grocery,Dry Fruits & Nuts,Store Brand,Store Brand brand for Grocery > Dry Fruits & Nuts,Active
Grocery,Dry Fruits & Nuts,Local Dry Fruit,Local Dry Fruit brand for Grocery > Dry Fruits & Nuts,Active
Grocery,Dry Fruits & Nuts,Metro Chef,Metro Chef brand for Grocery > Dry Fruits & Nuts,Active
Grocery,Dry Fruits & Nuts,Al-Fatah,Al-Fatah brand for Grocery > Dry Fruits & Nuts,Active
Grocery,Dry Fruits & Nuts,Imported Brand,Imported Brand brand for Grocery > Dry Fruits & Nuts,Active
Grocery,Seeds,Store Brand,Store Brand brand for Grocery > Seeds,Active
Grocery,Seeds,Organic Village,Organic Village brand for Grocery > Seeds,Active
Grocery,Seeds,Nature's Own,Nature's Own brand for Grocery > Seeds,Active
Grocery,Seeds,Imported Brand,Imported Brand brand for Grocery > Seeds,Active
Grocery,Pickles & Chutneys,National,National brand for Grocery > Pickles & Chutneys,Active
Grocery,Pickles & Chutneys,Shan,Shan brand for Grocery > Pickles & Chutneys,Active
Grocery,Pickles & Chutneys,Mitchell's,Mitchell's brand for Grocery > Pickles & Chutneys,Active
Grocery,Pickles & Chutneys,Ahmed Foods,Ahmed Foods brand for Grocery > Pickles & Chutneys,Active
Grocery,Pickles & Chutneys,Mehrans,Mehrans brand for Grocery > Pickles & Chutneys,Active
Grocery,Sauces & Condiments,National,National brand for Grocery > Sauces & Condiments,Active
Grocery,Sauces & Condiments,Shangrila,Shangrila brand for Grocery > Sauces & Condiments,Active
Grocery,Sauces & Condiments,Mitchell's,Mitchell's brand for Grocery > Sauces & Condiments,Active
Grocery,Sauces & Condiments,Knorr,Knorr brand for Grocery > Sauces & Condiments,Active
Grocery,Sauces & Condiments,Young's,Young's brand for Grocery > Sauces & Condiments,Active
Grocery,Sauces & Condiments,Heinz,Heinz brand for Grocery > Sauces & Condiments,Active
Grocery,Baking Ingredients,Bake Parlor,Bake Parlor brand for Grocery > Baking Ingredients,Active
Grocery,Baking Ingredients,Rafhan,Rafhan brand for Grocery > Baking Ingredients,Active
Grocery,Baking Ingredients,Foster Clark's,Foster Clark's brand for Grocery > Baking Ingredients,Active
Grocery,Baking Ingredients,Blue Band,Blue Band brand for Grocery > Baking Ingredients,Active
Grocery,Baking Ingredients,Store Brand,Store Brand brand for Grocery > Baking Ingredients,Active
Grocery,Desserts & Mixes,Rafhan,Rafhan brand for Grocery > Desserts & Mixes,Active
Grocery,Desserts & Mixes,Foster Clark's,Foster Clark's brand for Grocery > Desserts & Mixes,Active
Grocery,Desserts & Mixes,National,National brand for Grocery > Desserts & Mixes,Active
Grocery,Desserts & Mixes,Shan,Shan brand for Grocery > Desserts & Mixes,Active
Grocery,Desserts & Mixes,Laziza,Laziza brand for Grocery > Desserts & Mixes,Active
Grocery,Instant Foods,Knorr,Knorr brand for Grocery > Instant Foods,Active
Grocery,Instant Foods,Maggi,Maggi brand for Grocery > Instant Foods,Active
Grocery,Instant Foods,Kolson,Kolson brand for Grocery > Instant Foods,Active
Grocery,Instant Foods,Bake Parlor,Bake Parlor brand for Grocery > Instant Foods,Active
Grocery,Instant Foods,National,National brand for Grocery > Instant Foods,Active
Grocery,Canned & Packed Foods,Mitchell's,Mitchell's brand for Grocery > Canned & Packed Foods,Active
Grocery,Canned & Packed Foods,Sufi,Sufi brand for Grocery > Canned & Packed Foods,Active
Grocery,Canned & Packed Foods,Young's,Young's brand for Grocery > Canned & Packed Foods,Active
Grocery,Canned & Packed Foods,American Garden,American Garden brand for Grocery > Canned & Packed Foods,Active
Grocery,Canned & Packed Foods,Store Brand,Store Brand brand for Grocery > Canned & Packed Foods,Active
Grocery,Breakfast Foods & Cereals,Nestle,Nestle brand for Grocery > Breakfast Foods & Cereals,Active
Grocery,Breakfast Foods & Cereals,Kellogg's,Kellogg's brand for Grocery > Breakfast Foods & Cereals,Active
Grocery,Breakfast Foods & Cereals,Quaker,Quaker brand for Grocery > Breakfast Foods & Cereals,Active
Grocery,Breakfast Foods & Cereals,Weetabix,Weetabix brand for Grocery > Breakfast Foods & Cereals,Active
Grocery,Breakfast Foods & Cereals,Store Brand,Store Brand brand for Grocery > Breakfast Foods & Cereals,Active
Grocery,Traditional Foods,Store Brand,Store Brand brand for Grocery > Traditional Foods,Active
Grocery,Traditional Foods,Local Brand,Local Brand brand for Grocery > Traditional Foods,Active
Grocery,Traditional Foods,Rehmat-e-Shereen,Rehmat-e-Shereen brand for Grocery > Traditional Foods,Active
Grocery,Traditional Foods,United King,United King brand for Grocery > Traditional Foods,Active
Grocery,Honey & Spreads,Young's,Young's brand for Grocery > Honey & Spreads,Active
Grocery,Honey & Spreads,Mitchell's,Mitchell's brand for Grocery > Honey & Spreads,Active
Grocery,Honey & Spreads,American Garden,American Garden brand for Grocery > Honey & Spreads,Active
Grocery,Honey & Spreads,Nutella,Nutella brand for Grocery > Honey & Spreads,Active
Grocery,Honey & Spreads,Store Brand,Store Brand brand for Grocery > Honey & Spreads,Active
Grocery,Vinegar & Cooking Essences,National,National brand for Grocery > Vinegar & Cooking Essences,Active
Grocery,Vinegar & Cooking Essences,Shangrila,Shangrila brand for Grocery > Vinegar & Cooking Essences,Active
Grocery,Vinegar & Cooking Essences,Mitchell's,Mitchell's brand for Grocery > Vinegar & Cooking Essences,Active
Grocery,Vinegar & Cooking Essences,Foster Clark's,Foster Clark's brand for Grocery > Vinegar & Cooking Essences,Active
Grocery,Jams & Marmalades,Mitchell's,Mitchell's brand for Grocery > Jams & Marmalades,Active
Grocery,Jams & Marmalades,National,National brand for Grocery > Jams & Marmalades,Active
Grocery,Jams & Marmalades,Young's,Young's brand for Grocery > Jams & Marmalades,Active
Grocery,Jams & Marmalades,American Garden,American Garden brand for Grocery > Jams & Marmalades,Active
Grocery,Peanut Butter & Chocolate Spreads,Young's,Young's brand for Grocery > Peanut Butter & Chocolate Spreads,Active
Grocery,Peanut Butter & Chocolate Spreads,Nutella,Nutella brand for Grocery > Peanut Butter & Chocolate Spreads,Active
Grocery,Peanut Butter & Chocolate Spreads,American Garden,American Garden brand for Grocery > Peanut Butter & Chocolate Spreads,Active
Grocery,Peanut Butter & Chocolate Spreads,Skippy,Skippy brand for Grocery > Peanut Butter & Chocolate Spreads,Active
Grocery,Peanut Butter & Chocolate Spreads,Store Brand,Store Brand brand for Grocery > Peanut Butter & Chocolate Spreads,Active
Grocery,Soup & Stock Cubes,Knorr,Knorr brand for Grocery > Soup & Stock Cubes,Active
Grocery,Soup & Stock Cubes,Maggi,Maggi brand for Grocery > Soup & Stock Cubes,Active
Grocery,Soup & Stock Cubes,National,National brand for Grocery > Soup & Stock Cubes,Active
Grocery,Soup & Stock Cubes,Shan,Shan brand for Grocery > Soup & Stock Cubes,Active
Grocery,Pasta & Noodles,Kolson,Kolson brand for Grocery > Pasta & Noodles,Active
Grocery,Pasta & Noodles,Bake Parlor,Bake Parlor brand for Grocery > Pasta & Noodles,Active
Grocery,Pasta & Noodles,Knorr,Knorr brand for Grocery > Pasta & Noodles,Active
Grocery,Pasta & Noodles,Maggi,Maggi brand for Grocery > Pasta & Noodles,Active
Grocery,Pasta & Noodles,National,National brand for Grocery > Pasta & Noodles,Active
Grocery,Vermicelli & Sawaiyan,Kolson,Kolson brand for Grocery > Vermicelli & Sawaiyan,Active
Grocery,Vermicelli & Sawaiyan,Bake Parlor,Bake Parlor brand for Grocery > Vermicelli & Sawaiyan,Active
Grocery,Vermicelli & Sawaiyan,National,National brand for Grocery > Vermicelli & Sawaiyan,Active
Grocery,Vermicelli & Sawaiyan,Store Brand,Store Brand brand for Grocery > Vermicelli & Sawaiyan,Active
Grocery,Imported Grocery,American Garden,American Garden brand for Grocery > Imported Grocery,Active
Grocery,Imported Grocery,Heinz,Heinz brand for Grocery > Imported Grocery,Active
Grocery,Imported Grocery,Tilda,Tilda brand for Grocery > Imported Grocery,Active
Grocery,Imported Grocery,Nutella,Nutella brand for Grocery > Imported Grocery,Active
Grocery,Imported Grocery,Kellogg's,Kellogg's brand for Grocery > Imported Grocery,Active
Grocery,Imported Grocery,Imported Brand,Imported Brand brand for Grocery > Imported Grocery,Active
Grocery,Organic & Health Foods,Organic Village,Organic Village brand for Grocery > Organic & Health Foods,Active
Grocery,Organic & Health Foods,Quaker,Quaker brand for Grocery > Organic & Health Foods,Active
Grocery,Organic & Health Foods,Nature's Own,Nature's Own brand for Grocery > Organic & Health Foods,Active
Grocery,Organic & Health Foods,Store Brand,Store Brand brand for Grocery > Organic & Health Foods,Active
Grocery,Dates & Ramadan Specials,Store Brand,Store Brand brand for Grocery > Dates & Ramadan Specials,Active
Grocery,Dates & Ramadan Specials,Al Madina,Al Madina brand for Grocery > Dates & Ramadan Specials,Active
Grocery,Dates & Ramadan Specials,Local Brand,Local Brand brand for Grocery > Dates & Ramadan Specials,Active
Grocery,Dates & Ramadan Specials,Imported Brand,Imported Brand brand for Grocery > Dates & Ramadan Specials,Active
Grocery,Tea Whiteners & Creamers,Nestle,Nestle brand for Grocery > Tea Whiteners & Creamers,Active
Grocery,Tea Whiteners & Creamers,Everyday,Everyday brand for Grocery > Tea Whiteners & Creamers,Active
Grocery,Tea Whiteners & Creamers,Tarang,Tarang brand for Grocery > Tea Whiteners & Creamers,Active
Grocery,Tea Whiteners & Creamers,Tea Max,Tea Max brand for Grocery > Tea Whiteners & Creamers,Active
Grocery,Tea Whiteners & Creamers,Coffee Mate,Coffee Mate brand for Grocery > Tea Whiteners & Creamers,Active
Beverages,Tea,Tapal,Tapal brand for Beverages > Tea,Active
Beverages,Tea,Lipton,Lipton brand for Beverages > Tea,Active
Beverages,Tea,Vital,Vital brand for Beverages > Tea,Active
Beverages,Tea,Supreme,Supreme brand for Beverages > Tea,Active
Beverages,Tea,Tetley,Tetley brand for Beverages > Tea,Active
Beverages,Tea,Store Brand,Store Brand brand for Beverages > Tea,Active
Beverages,Green Tea,Tapal,Tapal brand for Beverages > Green Tea,Active
Beverages,Green Tea,Lipton,Lipton brand for Beverages > Green Tea,Active
Beverages,Green Tea,Vital,Vital brand for Beverages > Green Tea,Active
Beverages,Green Tea,Tetley,Tetley brand for Beverages > Green Tea,Active
Beverages,Green Tea,Store Brand,Store Brand brand for Beverages > Green Tea,Active
Beverages,Herbal Tea,Lipton,Lipton brand for Beverages > Herbal Tea,Active
Beverages,Herbal Tea,Tetley,Tetley brand for Beverages > Herbal Tea,Active
Beverages,Herbal Tea,Twinings,Twinings brand for Beverages > Herbal Tea,Active
Beverages,Herbal Tea,Store Brand,Store Brand brand for Beverages > Herbal Tea,Active
Beverages,Coffee,Nescafe,Nescafe brand for Beverages > Coffee,Active
Beverages,Coffee,Davidoff,Davidoff brand for Beverages > Coffee,Active
Beverages,Coffee,Lavazza,Lavazza brand for Beverages > Coffee,Active
Beverages,Coffee,Store Brand,Store Brand brand for Beverages > Coffee,Active
Beverages,Instant Coffee,Nescafe,Nescafe brand for Beverages > Instant Coffee,Active
Beverages,Instant Coffee,Davidoff,Davidoff brand for Beverages > Instant Coffee,Active
Beverages,Instant Coffee,Maxwell House,Maxwell House brand for Beverages > Instant Coffee,Active
Beverages,Instant Coffee,Store Brand,Store Brand brand for Beverages > Instant Coffee,Active
Beverages,Tea Whiteners & Creamers,Nestle,Nestle brand for Beverages > Tea Whiteners & Creamers,Active
Beverages,Tea Whiteners & Creamers,Everyday,Everyday brand for Beverages > Tea Whiteners & Creamers,Active
Beverages,Tea Whiteners & Creamers,Tarang,Tarang brand for Beverages > Tea Whiteners & Creamers,Active
Beverages,Tea Whiteners & Creamers,Tea Max,Tea Max brand for Beverages > Tea Whiteners & Creamers,Active
Beverages,Tea Whiteners & Creamers,Coffee Mate,Coffee Mate brand for Beverages > Tea Whiteners & Creamers,Active
Beverages,Hot Chocolate,Cadbury,Cadbury brand for Beverages > Hot Chocolate,Active
Beverages,Hot Chocolate,Nestle,Nestle brand for Beverages > Hot Chocolate,Active
Beverages,Hot Chocolate,Milo,Milo brand for Beverages > Hot Chocolate,Active
Beverages,Hot Chocolate,Store Brand,Store Brand brand for Beverages > Hot Chocolate,Active
Beverages,Carbonated Soft Drinks,Pepsi,Pepsi brand for Beverages > Carbonated Soft Drinks,Active
Beverages,Carbonated Soft Drinks,Coca-Cola,Coca-Cola brand for Beverages > Carbonated Soft Drinks,Active
Beverages,Carbonated Soft Drinks,Sprite,Sprite brand for Beverages > Carbonated Soft Drinks,Active
Beverages,Carbonated Soft Drinks,7UP,7UP brand for Beverages > Carbonated Soft Drinks,Active
Beverages,Carbonated Soft Drinks,Fanta,Fanta brand for Beverages > Carbonated Soft Drinks,Active
Beverages,Carbonated Soft Drinks,Mountain Dew,Mountain Dew brand for Beverages > Carbonated Soft Drinks,Active
Beverages,Carbonated Soft Drinks,Mirinda,Mirinda brand for Beverages > Carbonated Soft Drinks,Active
Beverages,Energy Drinks,Sting,Sting brand for Beverages > Energy Drinks,Active
Beverages,Energy Drinks,Red Bull,Red Bull brand for Beverages > Energy Drinks,Active
Beverages,Energy Drinks,Monster,Monster brand for Beverages > Energy Drinks,Active
Beverages,Energy Drinks,Booster,Booster brand for Beverages > Energy Drinks,Active
Beverages,Sports Drinks,Gatorade,Gatorade brand for Beverages > Sports Drinks,Active
Beverages,Sports Drinks,Powerade,Powerade brand for Beverages > Sports Drinks,Active
Beverages,Sports Drinks,Store Brand,Store Brand brand for Beverages > Sports Drinks,Active
Beverages,Flavored Water,Store Brand,Store Brand brand for Beverages > Flavored Water,Active
Beverages,Flavored Water,Local Brand,Local Brand brand for Beverages > Flavored Water,Active
Beverages,Flavored Water,Imported Brand,Imported Brand brand for Beverages > Flavored Water,Active
Beverages,Mineral Water,Nestle,Nestle brand for Beverages > Mineral Water,Active
Beverages,Mineral Water,Aquafina,Aquafina brand for Beverages > Mineral Water,Active
Beverages,Mineral Water,Kinley,Kinley brand for Beverages > Mineral Water,Active
Beverages,Mineral Water,Dasani,Dasani brand for Beverages > Mineral Water,Active
Beverages,Mineral Water,Springley,Springley brand for Beverages > Mineral Water,Active
Beverages,Sparkling Water,Store Brand,Store Brand brand for Beverages > Sparkling Water,Active
Beverages,Sparkling Water,Local Brand,Local Brand brand for Beverages > Sparkling Water,Active
Beverages,Sparkling Water,Imported Brand,Imported Brand brand for Beverages > Sparkling Water,Active
Beverages,Fruit Juices,Nestle Fruita Vitals,Nestle Fruita Vitals brand for Beverages > Fruit Juices,Active
Beverages,Fruit Juices,Shezan,Shezan brand for Beverages > Fruit Juices,Active
Beverages,Fruit Juices,Slice,Slice brand for Beverages > Fruit Juices,Active
Beverages,Fruit Juices,Dayfresh,Dayfresh brand for Beverages > Fruit Juices,Active
Beverages,Fruit Juices,Maza,Maza brand for Beverages > Fruit Juices,Active
Beverages,Nectars,Store Brand,Store Brand brand for Beverages > Nectars,Active
Beverages,Nectars,Local Brand,Local Brand brand for Beverages > Nectars,Active
Beverages,Nectars,Imported Brand,Imported Brand brand for Beverages > Nectars,Active
Beverages,Juice Drinks,Store Brand,Store Brand brand for Beverages > Juice Drinks,Active
Beverages,Juice Drinks,Local Brand,Local Brand brand for Beverages > Juice Drinks,Active
Beverages,Juice Drinks,Imported Brand,Imported Brand brand for Beverages > Juice Drinks,Active
Beverages,Kids Drinks,Store Brand,Store Brand brand for Beverages > Kids Drinks,Active
Beverages,Kids Drinks,Local Brand,Local Brand brand for Beverages > Kids Drinks,Active
Beverages,Kids Drinks,Imported Brand,Imported Brand brand for Beverages > Kids Drinks,Active
Beverages,Tetra Pack Drinks,Nestle,Nestle brand for Beverages > Tetra Pack Drinks,Active
Beverages,Tetra Pack Drinks,Shezan,Shezan brand for Beverages > Tetra Pack Drinks,Active
Beverages,Tetra Pack Drinks,Dayfresh,Dayfresh brand for Beverages > Tetra Pack Drinks,Active
Beverages,Tetra Pack Drinks,Slice,Slice brand for Beverages > Tetra Pack Drinks,Active
Beverages,Tetra Pack Drinks,Fruiti-O,Fruiti-O brand for Beverages > Tetra Pack Drinks,Active
Beverages,Syrups & Squashes,Rooh Afza,Rooh Afza brand for Beverages > Syrups & Squashes,Active
Beverages,Syrups & Squashes,Jam-e-Shirin,Jam-e-Shirin brand for Beverages > Syrups & Squashes,Active
Beverages,Syrups & Squashes,Mitchell's,Mitchell's brand for Beverages > Syrups & Squashes,Active
Beverages,Syrups & Squashes,Shezan,Shezan brand for Beverages > Syrups & Squashes,Active
Beverages,Sharbat,Store Brand,Store Brand brand for Beverages > Sharbat,Active
Beverages,Sharbat,Local Brand,Local Brand brand for Beverages > Sharbat,Active
Beverages,Sharbat,Imported Brand,Imported Brand brand for Beverages > Sharbat,Active
Beverages,Rooh Afza Type Drinks,Store Brand,Store Brand brand for Beverages > Rooh Afza Type Drinks,Active
Beverages,Rooh Afza Type Drinks,Local Brand,Local Brand brand for Beverages > Rooh Afza Type Drinks,Active
Beverages,Rooh Afza Type Drinks,Imported Brand,Imported Brand brand for Beverages > Rooh Afza Type Drinks,Active
Beverages,Sattu Drinks,Store Brand,Store Brand brand for Beverages > Sattu Drinks,Active
Beverages,Sattu Drinks,Local Brand,Local Brand brand for Beverages > Sattu Drinks,Active
Beverages,Sattu Drinks,Imported Brand,Imported Brand brand for Beverages > Sattu Drinks,Active
Beverages,Milk Drinks,Nestle,Nestle brand for Beverages > Milk Drinks,Active
Beverages,Milk Drinks,Olpers,Olpers brand for Beverages > Milk Drinks,Active
Beverages,Milk Drinks,Dayfresh,Dayfresh brand for Beverages > Milk Drinks,Active
Beverages,Milk Drinks,Nurpur,Nurpur brand for Beverages > Milk Drinks,Active
Beverages,Milk Drinks,Milk Pak,Milk Pak brand for Beverages > Milk Drinks,Active
Beverages,Flavored Milk,Nestle,Nestle brand for Beverages > Flavored Milk,Active
Beverages,Flavored Milk,Olpers,Olpers brand for Beverages > Flavored Milk,Active
Beverages,Flavored Milk,Dayfresh,Dayfresh brand for Beverages > Flavored Milk,Active
Beverages,Flavored Milk,Nurpur,Nurpur brand for Beverages > Flavored Milk,Active
Beverages,Flavored Milk,Haleeb,Haleeb brand for Beverages > Flavored Milk,Active
Beverages,Lassi,Olpers,Olpers brand for Beverages > Lassi,Active
Beverages,Lassi,Dayfresh,Dayfresh brand for Beverages > Lassi,Active
Beverages,Lassi,Nurpur,Nurpur brand for Beverages > Lassi,Active
Beverages,Lassi,Prema,Prema brand for Beverages > Lassi,Active
Beverages,Lassi,Store Brand,Store Brand brand for Beverages > Lassi,Active
Beverages,Yogurt Drinks,Olpers,Olpers brand for Beverages > Yogurt Drinks,Active
Beverages,Yogurt Drinks,Dayfresh,Dayfresh brand for Beverages > Yogurt Drinks,Active
Beverages,Yogurt Drinks,Prema,Prema brand for Beverages > Yogurt Drinks,Active
Beverages,Yogurt Drinks,Store Brand,Store Brand brand for Beverages > Yogurt Drinks,Active
Beverages,Milkshakes,Store Brand,Store Brand brand for Beverages > Milkshakes,Active
Beverages,Milkshakes,Local Brand,Local Brand brand for Beverages > Milkshakes,Active
Beverages,Milkshakes,Imported Brand,Imported Brand brand for Beverages > Milkshakes,Active
Beverages,Malt Drinks,Milo,Milo brand for Beverages > Malt Drinks,Active
Beverages,Malt Drinks,Ovaltine,Ovaltine brand for Beverages > Malt Drinks,Active
Beverages,Malt Drinks,Horlicks,Horlicks brand for Beverages > Malt Drinks,Active
Beverages,Protein Drinks,Store Brand,Store Brand brand for Beverages > Protein Drinks,Active
Beverages,Protein Drinks,Local Brand,Local Brand brand for Beverages > Protein Drinks,Active
Beverages,Protein Drinks,Imported Brand,Imported Brand brand for Beverages > Protein Drinks,Active
Beverages,Energy Nutrition Drinks,Store Brand,Store Brand brand for Beverages > Energy Nutrition Drinks,Active
Beverages,Energy Nutrition Drinks,Local Brand,Local Brand brand for Beverages > Energy Nutrition Drinks,Active
Beverages,Energy Nutrition Drinks,Imported Brand,Imported Brand brand for Beverages > Energy Nutrition Drinks,Active
Beverages,Imported Beverages,Store Brand,Store Brand brand for Beverages > Imported Beverages,Active
Beverages,Imported Beverages,Local Brand,Local Brand brand for Beverages > Imported Beverages,Active
Beverages,Imported Beverages,Imported Brand,Imported Brand brand for Beverages > Imported Beverages,Active
Beverages,Kombucha,Store Brand,Store Brand brand for Beverages > Kombucha,Active
Beverages,Kombucha,Local Brand,Local Brand brand for Beverages > Kombucha,Active
Beverages,Kombucha,Imported Brand,Imported Brand brand for Beverages > Kombucha,Active
Beverages,Coconut Water,Store Brand,Store Brand brand for Beverages > Coconut Water,Active
Beverages,Coconut Water,Local Brand,Local Brand brand for Beverages > Coconut Water,Active
Beverages,Coconut Water,Imported Brand,Imported Brand brand for Beverages > Coconut Water,Active
Beverages,Ready To Drink Tea,Store Brand,Store Brand brand for Beverages > Ready To Drink Tea,Active
Beverages,Ready To Drink Tea,Local Brand,Local Brand brand for Beverages > Ready To Drink Tea,Active
Beverages,Ready To Drink Tea,Imported Brand,Imported Brand brand for Beverages > Ready To Drink Tea,Active
Beverages,Ready To Drink Coffee,Store Brand,Store Brand brand for Beverages > Ready To Drink Coffee,Active
Beverages,Ready To Drink Coffee,Local Brand,Local Brand brand for Beverages > Ready To Drink Coffee,Active
Beverages,Ready To Drink Coffee,Imported Brand,Imported Brand brand for Beverages > Ready To Drink Coffee,Active
Beverages,Drink Powders,Tang,Tang brand for Beverages > Drink Powders,Active
Beverages,Drink Powders,Rasna,Rasna brand for Beverages > Drink Powders,Active
Beverages,Drink Powders,Foster Clark's,Foster Clark's brand for Beverages > Drink Powders,Active
Beverages,Drink Powders,Milo,Milo brand for Beverages > Drink Powders,Active
Beverages,Drink Powders,Ovaltine,Ovaltine brand for Beverages > Drink Powders,Active
Beverages,Instant Beverage Mixes,Store Brand,Store Brand brand for Beverages > Instant Beverage Mixes,Active
Beverages,Instant Beverage Mixes,Local Brand,Local Brand brand for Beverages > Instant Beverage Mixes,Active
Beverages,Instant Beverage Mixes,Imported Brand,Imported Brand brand for Beverages > Instant Beverage Mixes,Active
Beverages,ORS & Rehydration Drinks,ORS,ORS brand for Beverages > ORS & Rehydration Drinks,Active
Beverages,ORS & Rehydration Drinks,Pedialyte,Pedialyte brand for Beverages > ORS & Rehydration Drinks,Active
Beverages,ORS & Rehydration Drinks,Electral,Electral brand for Beverages > ORS & Rehydration Drinks,Active
Beverages,ORS & Rehydration Drinks,Store Brand,Store Brand brand for Beverages > ORS & Rehydration Drinks,Active
Beverages,Glucose Drinks,Store Brand,Store Brand brand for Beverages > Glucose Drinks,Active
Beverages,Glucose Drinks,Local Brand,Local Brand brand for Beverages > Glucose Drinks,Active
Beverages,Glucose Drinks,Imported Brand,Imported Brand brand for Beverages > Glucose Drinks,Active
Beverages,Flavored Powder Drinks,Store Brand,Store Brand brand for Beverages > Flavored Powder Drinks,Active
Beverages,Flavored Powder Drinks,Local Brand,Local Brand brand for Beverages > Flavored Powder Drinks,Active
Beverages,Flavored Powder Drinks,Imported Brand,Imported Brand brand for Beverages > Flavored Powder Drinks,Active
Snacks & Confectionery,Potato Chips,Lays,Lays brand for Snacks & Confectionery > Potato Chips,Active
Snacks & Confectionery,Potato Chips,Super Crisp,Super Crisp brand for Snacks & Confectionery > Potato Chips,Active
Snacks & Confectionery,Potato Chips,Oye Hoye,Oye Hoye brand for Snacks & Confectionery > Potato Chips,Active
Snacks & Confectionery,Potato Chips,Kolson,Kolson brand for Snacks & Confectionery > Potato Chips,Active
Snacks & Confectionery,Potato Chips,Store Brand,Store Brand brand for Snacks & Confectionery > Potato Chips,Active
Snacks & Confectionery,Corn Snacks,Cheetos,Cheetos brand for Snacks & Confectionery > Corn Snacks,Active
Snacks & Confectionery,Corn Snacks,Kurkure,Kurkure brand for Snacks & Confectionery > Corn Snacks,Active
Snacks & Confectionery,Corn Snacks,Slanty,Slanty brand for Snacks & Confectionery > Corn Snacks,Active
Snacks & Confectionery,Corn Snacks,Kolson,Kolson brand for Snacks & Confectionery > Corn Snacks,Active
Snacks & Confectionery,Corn Snacks,Oye Hoye,Oye Hoye brand for Snacks & Confectionery > Corn Snacks,Active
Snacks & Confectionery,Extruded Snacks,Cheetos,Cheetos brand for Snacks & Confectionery > Extruded Snacks,Active
Snacks & Confectionery,Extruded Snacks,Kurkure,Kurkure brand for Snacks & Confectionery > Extruded Snacks,Active
Snacks & Confectionery,Extruded Snacks,Slanty,Slanty brand for Snacks & Confectionery > Extruded Snacks,Active
Snacks & Confectionery,Extruded Snacks,Kolson,Kolson brand for Snacks & Confectionery > Extruded Snacks,Active
Snacks & Confectionery,Extruded Snacks,Snackers,Snackers brand for Snacks & Confectionery > Extruded Snacks,Active
Snacks & Confectionery,Nimco,Nimco,Nimco brand for Snacks & Confectionery > Nimco,Active
Snacks & Confectionery,Nimco,United King,United King brand for Snacks & Confectionery > Nimco,Active
Snacks & Confectionery,Nimco,Rehmat-e-Shereen,Rehmat-e-Shereen brand for Snacks & Confectionery > Nimco,Active
Snacks & Confectionery,Nimco,Store Brand,Store Brand brand for Snacks & Confectionery > Nimco,Active
Snacks & Confectionery,Popcorn,Store Brand,Store Brand brand for Snacks & Confectionery > Popcorn,Active
Snacks & Confectionery,Popcorn,Local Brand,Local Brand brand for Snacks & Confectionery > Popcorn,Active
Snacks & Confectionery,Popcorn,Imported Brand,Imported Brand brand for Snacks & Confectionery > Popcorn,Active
Snacks & Confectionery,Crackers,Store Brand,Store Brand brand for Snacks & Confectionery > Crackers,Active
Snacks & Confectionery,Crackers,Local Brand,Local Brand brand for Snacks & Confectionery > Crackers,Active
Snacks & Confectionery,Crackers,Imported Brand,Imported Brand brand for Snacks & Confectionery > Crackers,Active
Snacks & Confectionery,Salted Snacks,Store Brand,Store Brand brand for Snacks & Confectionery > Salted Snacks,Active
Snacks & Confectionery,Salted Snacks,Local Brand,Local Brand brand for Snacks & Confectionery > Salted Snacks,Active
Snacks & Confectionery,Salted Snacks,Imported Brand,Imported Brand brand for Snacks & Confectionery > Salted Snacks,Active
Snacks & Confectionery,Biscuits,Peek Freans,Peek Freans brand for Snacks & Confectionery > Biscuits,Active
Snacks & Confectionery,Biscuits,LU,LU brand for Snacks & Confectionery > Biscuits,Active
Snacks & Confectionery,Biscuits,Bisconni,Bisconni brand for Snacks & Confectionery > Biscuits,Active
Snacks & Confectionery,Biscuits,EBM,EBM brand for Snacks & Confectionery > Biscuits,Active
Snacks & Confectionery,Biscuits,Hilal,Hilal brand for Snacks & Confectionery > Biscuits,Active
Snacks & Confectionery,Biscuits,Oreo,Oreo brand for Snacks & Confectionery > Biscuits,Active
Snacks & Confectionery,Cookies,Peek Freans,Peek Freans brand for Snacks & Confectionery > Cookies,Active
Snacks & Confectionery,Cookies,LU,LU brand for Snacks & Confectionery > Cookies,Active
Snacks & Confectionery,Cookies,Bisconni,Bisconni brand for Snacks & Confectionery > Cookies,Active
Snacks & Confectionery,Cookies,EBM,EBM brand for Snacks & Confectionery > Cookies,Active
Snacks & Confectionery,Cookies,Oreo,Oreo brand for Snacks & Confectionery > Cookies,Active
Snacks & Confectionery,Cookies,Store Brand,Store Brand brand for Snacks & Confectionery > Cookies,Active
Snacks & Confectionery,Wafers,Candyland,Candyland brand for Snacks & Confectionery > Wafers,Active
Snacks & Confectionery,Wafers,Hilal,Hilal brand for Snacks & Confectionery > Wafers,Active
Snacks & Confectionery,Wafers,Peek Freans,Peek Freans brand for Snacks & Confectionery > Wafers,Active
Snacks & Confectionery,Wafers,LU,LU brand for Snacks & Confectionery > Wafers,Active
Snacks & Confectionery,Cakes,CupKake,CupKake brand for Snacks & Confectionery > Cakes,Active
Snacks & Confectionery,Cakes,Bake Parlor,Bake Parlor brand for Snacks & Confectionery > Cakes,Active
Snacks & Confectionery,Cakes,Peek Freans,Peek Freans brand for Snacks & Confectionery > Cakes,Active
Snacks & Confectionery,Cakes,Store Brand,Store Brand brand for Snacks & Confectionery > Cakes,Active
Snacks & Confectionery,Rusks,Bake Parlor,Bake Parlor brand for Snacks & Confectionery > Rusks,Active
Snacks & Confectionery,Rusks,Peek Freans,Peek Freans brand for Snacks & Confectionery > Rusks,Active
Snacks & Confectionery,Rusks,United King,United King brand for Snacks & Confectionery > Rusks,Active
Snacks & Confectionery,Rusks,Store Brand,Store Brand brand for Snacks & Confectionery > Rusks,Active
Snacks & Confectionery,Chocolates,Cadbury,Cadbury brand for Snacks & Confectionery > Chocolates,Active
Snacks & Confectionery,Chocolates,Nestle,Nestle brand for Snacks & Confectionery > Chocolates,Active
Snacks & Confectionery,Chocolates,Mars,Mars brand for Snacks & Confectionery > Chocolates,Active
Snacks & Confectionery,Chocolates,Bounty,Bounty brand for Snacks & Confectionery > Chocolates,Active
Snacks & Confectionery,Chocolates,KitKat,KitKat brand for Snacks & Confectionery > Chocolates,Active
Snacks & Confectionery,Chocolates,Dairy Milk,Dairy Milk brand for Snacks & Confectionery > Chocolates,Active
Snacks & Confectionery,Candy,Hilal,Hilal brand for Snacks & Confectionery > Candy,Active
Snacks & Confectionery,Candy,Candyland,Candyland brand for Snacks & Confectionery > Candy,Active
Snacks & Confectionery,Candy,Mayfair,Mayfair brand for Snacks & Confectionery > Candy,Active
Snacks & Confectionery,Candy,Chupa Chups,Chupa Chups brand for Snacks & Confectionery > Candy,Active
Snacks & Confectionery,Toffees,Hilal,Hilal brand for Snacks & Confectionery > Toffees,Active
Snacks & Confectionery,Toffees,Candyland,Candyland brand for Snacks & Confectionery > Toffees,Active
Snacks & Confectionery,Toffees,Mayfair,Mayfair brand for Snacks & Confectionery > Toffees,Active
Snacks & Confectionery,Toffees,Eclairs,Eclairs brand for Snacks & Confectionery > Toffees,Active
Snacks & Confectionery,Chewing Gum,Ding Dong,Ding Dong brand for Snacks & Confectionery > Chewing Gum,Active
Snacks & Confectionery,Chewing Gum,Wrigley's,Wrigley's brand for Snacks & Confectionery > Chewing Gum,Active
Snacks & Confectionery,Chewing Gum,Mentos,Mentos brand for Snacks & Confectionery > Chewing Gum,Active
Snacks & Confectionery,Chewing Gum,Trident,Trident brand for Snacks & Confectionery > Chewing Gum,Active
Snacks & Confectionery,Jelly Candy,Store Brand,Store Brand brand for Snacks & Confectionery > Jelly Candy,Active
Snacks & Confectionery,Jelly Candy,Local Brand,Local Brand brand for Snacks & Confectionery > Jelly Candy,Active
Snacks & Confectionery,Jelly Candy,Imported Brand,Imported Brand brand for Snacks & Confectionery > Jelly Candy,Active
Snacks & Confectionery,Lollipops,Store Brand,Store Brand brand for Snacks & Confectionery > Lollipops,Active
Snacks & Confectionery,Lollipops,Local Brand,Local Brand brand for Snacks & Confectionery > Lollipops,Active
Snacks & Confectionery,Lollipops,Imported Brand,Imported Brand brand for Snacks & Confectionery > Lollipops,Active
Snacks & Confectionery,Mints,Mentos,Mentos brand for Snacks & Confectionery > Mints,Active
Snacks & Confectionery,Mints,Tic Tac,Tic Tac brand for Snacks & Confectionery > Mints,Active
Snacks & Confectionery,Mints,Halls,Halls brand for Snacks & Confectionery > Mints,Active
Snacks & Confectionery,Mints,Store Brand,Store Brand brand for Snacks & Confectionery > Mints,Active
Snacks & Confectionery,Imported Confectionery,Store Brand,Store Brand brand for Snacks & Confectionery > Imported Confectionery,Active
Snacks & Confectionery,Imported Confectionery,Local Brand,Local Brand brand for Snacks & Confectionery > Imported Confectionery,Active
Snacks & Confectionery,Imported Confectionery,Imported Brand,Imported Brand brand for Snacks & Confectionery > Imported Confectionery,Active
Snacks & Confectionery,Gift Packs,Store Brand,Store Brand brand for Snacks & Confectionery > Gift Packs,Active
Snacks & Confectionery,Gift Packs,Local Brand,Local Brand brand for Snacks & Confectionery > Gift Packs,Active
Snacks & Confectionery,Gift Packs,Imported Brand,Imported Brand brand for Snacks & Confectionery > Gift Packs,Active
Snacks & Confectionery,Seasonal Confectionery,Store Brand,Store Brand brand for Snacks & Confectionery > Seasonal Confectionery,Active
Snacks & Confectionery,Seasonal Confectionery,Local Brand,Local Brand brand for Snacks & Confectionery > Seasonal Confectionery,Active
Snacks & Confectionery,Seasonal Confectionery,Imported Brand,Imported Brand brand for Snacks & Confectionery > Seasonal Confectionery,Active
Dairy & Chilled,UHT Milk,Milk Pak,Milk Pak brand for Dairy & Chilled > UHT Milk,Active
Dairy & Chilled,UHT Milk,Olpers,Olpers brand for Dairy & Chilled > UHT Milk,Active
Dairy & Chilled,UHT Milk,Nestle,Nestle brand for Dairy & Chilled > UHT Milk,Active
Dairy & Chilled,UHT Milk,Dayfresh,Dayfresh brand for Dairy & Chilled > UHT Milk,Active
Dairy & Chilled,UHT Milk,Nurpur,Nurpur brand for Dairy & Chilled > UHT Milk,Active
Dairy & Chilled,UHT Milk,Haleeb,Haleeb brand for Dairy & Chilled > UHT Milk,Active
Dairy & Chilled,Fresh Milk,Prema,Prema brand for Dairy & Chilled > Fresh Milk,Active
Dairy & Chilled,Fresh Milk,Dayfresh,Dayfresh brand for Dairy & Chilled > Fresh Milk,Active
Dairy & Chilled,Fresh Milk,Anhaar,Anhaar brand for Dairy & Chilled > Fresh Milk,Active
Dairy & Chilled,Fresh Milk,Store Brand,Store Brand brand for Dairy & Chilled > Fresh Milk,Active
Dairy & Chilled,Powder Milk,Nido,Nido brand for Dairy & Chilled > Powder Milk,Active
Dairy & Chilled,Powder Milk,Everyday,Everyday brand for Dairy & Chilled > Powder Milk,Active
Dairy & Chilled,Powder Milk,Millac,Millac brand for Dairy & Chilled > Powder Milk,Active
Dairy & Chilled,Powder Milk,Store Brand,Store Brand brand for Dairy & Chilled > Powder Milk,Active
Dairy & Chilled,Yogurt,Nestle,Nestle brand for Dairy & Chilled > Yogurt,Active
Dairy & Chilled,Yogurt,Olpers,Olpers brand for Dairy & Chilled > Yogurt,Active
Dairy & Chilled,Yogurt,Dayfresh,Dayfresh brand for Dairy & Chilled > Yogurt,Active
Dairy & Chilled,Yogurt,Nurpur,Nurpur brand for Dairy & Chilled > Yogurt,Active
Dairy & Chilled,Yogurt,Prema,Prema brand for Dairy & Chilled > Yogurt,Active
Dairy & Chilled,Flavored Yogurt,Store Brand,Store Brand brand for Dairy & Chilled > Flavored Yogurt,Active
Dairy & Chilled,Flavored Yogurt,Local Brand,Local Brand brand for Dairy & Chilled > Flavored Yogurt,Active
Dairy & Chilled,Flavored Yogurt,Imported Brand,Imported Brand brand for Dairy & Chilled > Flavored Yogurt,Active
Dairy & Chilled,Cheese,Kraft,Kraft brand for Dairy & Chilled > Cheese,Active
Dairy & Chilled,Cheese,Adam's,Adam's brand for Dairy & Chilled > Cheese,Active
Dairy & Chilled,Cheese,Nurpur,Nurpur brand for Dairy & Chilled > Cheese,Active
Dairy & Chilled,Cheese,Happy Cow,Happy Cow brand for Dairy & Chilled > Cheese,Active
Dairy & Chilled,Cheese,Puck,Puck brand for Dairy & Chilled > Cheese,Active
Dairy & Chilled,Butter,Nurpur,Nurpur brand for Dairy & Chilled > Butter,Active
Dairy & Chilled,Butter,Blue Band,Blue Band brand for Dairy & Chilled > Butter,Active
Dairy & Chilled,Butter,Lurpak,Lurpak brand for Dairy & Chilled > Butter,Active
Dairy & Chilled,Butter,Anchor,Anchor brand for Dairy & Chilled > Butter,Active
Dairy & Chilled,Butter,Store Brand,Store Brand brand for Dairy & Chilled > Butter,Active
Dairy & Chilled,Margarine,Store Brand,Store Brand brand for Dairy & Chilled > Margarine,Active
Dairy & Chilled,Margarine,Local Brand,Local Brand brand for Dairy & Chilled > Margarine,Active
Dairy & Chilled,Margarine,Imported Brand,Imported Brand brand for Dairy & Chilled > Margarine,Active
Dairy & Chilled,Cream,Store Brand,Store Brand brand for Dairy & Chilled > Cream,Active
Dairy & Chilled,Cream,Local Brand,Local Brand brand for Dairy & Chilled > Cream,Active
Dairy & Chilled,Cream,Imported Brand,Imported Brand brand for Dairy & Chilled > Cream,Active
Dairy & Chilled,Desserts,Store Brand,Store Brand brand for Dairy & Chilled > Desserts,Active
Dairy & Chilled,Desserts,Local Brand,Local Brand brand for Dairy & Chilled > Desserts,Active
Dairy & Chilled,Desserts,Imported Brand,Imported Brand brand for Dairy & Chilled > Desserts,Active
Dairy & Chilled,Chilled Juices,Store Brand,Store Brand brand for Dairy & Chilled > Chilled Juices,Active
Dairy & Chilled,Chilled Juices,Local Brand,Local Brand brand for Dairy & Chilled > Chilled Juices,Active
Dairy & Chilled,Chilled Juices,Imported Brand,Imported Brand brand for Dairy & Chilled > Chilled Juices,Active
Dairy & Chilled,Chilled Beverages,Store Brand,Store Brand brand for Dairy & Chilled > Chilled Beverages,Active
Dairy & Chilled,Chilled Beverages,Local Brand,Local Brand brand for Dairy & Chilled > Chilled Beverages,Active
Dairy & Chilled,Chilled Beverages,Imported Brand,Imported Brand brand for Dairy & Chilled > Chilled Beverages,Active
Dairy & Chilled,Eggs,Menu,Menu brand for Dairy & Chilled > Eggs,Active
Dairy & Chilled,Eggs,SB Eggs,SB Eggs brand for Dairy & Chilled > Eggs,Active
Dairy & Chilled,Eggs,Store Brand,Store Brand brand for Dairy & Chilled > Eggs,Active
Dairy & Chilled,Eggs,Local Farm,Local Farm brand for Dairy & Chilled > Eggs,Active
Dairy & Chilled,Dairy Alternatives,Store Brand,Store Brand brand for Dairy & Chilled > Dairy Alternatives,Active
Dairy & Chilled,Dairy Alternatives,Local Brand,Local Brand brand for Dairy & Chilled > Dairy Alternatives,Active
Dairy & Chilled,Dairy Alternatives,Imported Brand,Imported Brand brand for Dairy & Chilled > Dairy Alternatives,Active
Frozen Foods,Frozen Chicken,K&N's,K&N's brand for Frozen Foods > Frozen Chicken,Active
Frozen Foods,Frozen Chicken,Menu,Menu brand for Frozen Foods > Frozen Chicken,Active
Frozen Foods,Frozen Chicken,Dawn Foods,Dawn Foods brand for Frozen Foods > Frozen Chicken,Active
Frozen Foods,Frozen Chicken,Sabroso,Sabroso brand for Frozen Foods > Frozen Chicken,Active
Frozen Foods,Frozen Chicken,PK Foods,PK Foods brand for Frozen Foods > Frozen Chicken,Active
Frozen Foods,Frozen Beef,Store Brand,Store Brand brand for Frozen Foods > Frozen Beef,Active
Frozen Foods,Frozen Beef,Local Brand,Local Brand brand for Frozen Foods > Frozen Beef,Active
Frozen Foods,Frozen Beef,Imported Brand,Imported Brand brand for Frozen Foods > Frozen Beef,Active
Frozen Foods,Frozen Seafood,Store Brand,Store Brand brand for Frozen Foods > Frozen Seafood,Active
Frozen Foods,Frozen Seafood,Local Brand,Local Brand brand for Frozen Foods > Frozen Seafood,Active
Frozen Foods,Frozen Seafood,Imported Brand,Imported Brand brand for Frozen Foods > Frozen Seafood,Active
Frozen Foods,Nuggets,K&N's,K&N's brand for Frozen Foods > Nuggets,Active
Frozen Foods,Nuggets,Menu,Menu brand for Frozen Foods > Nuggets,Active
Frozen Foods,Nuggets,Dawn Foods,Dawn Foods brand for Frozen Foods > Nuggets,Active
Frozen Foods,Nuggets,Sabroso,Sabroso brand for Frozen Foods > Nuggets,Active
Frozen Foods,Nuggets,PK Foods,PK Foods brand for Frozen Foods > Nuggets,Active
Frozen Foods,Samosa,Dawn Foods,Dawn Foods brand for Frozen Foods > Samosa,Active
Frozen Foods,Samosa,K&N's,K&N's brand for Frozen Foods > Samosa,Active
Frozen Foods,Samosa,Menu,Menu brand for Frozen Foods > Samosa,Active
Frozen Foods,Samosa,Store Brand,Store Brand brand for Frozen Foods > Samosa,Active
Frozen Foods,Spring Rolls,Store Brand,Store Brand brand for Frozen Foods > Spring Rolls,Active
Frozen Foods,Spring Rolls,Local Brand,Local Brand brand for Frozen Foods > Spring Rolls,Active
Frozen Foods,Spring Rolls,Imported Brand,Imported Brand brand for Frozen Foods > Spring Rolls,Active
Frozen Foods,Kebabs,Store Brand,Store Brand brand for Frozen Foods > Kebabs,Active
Frozen Foods,Kebabs,Local Brand,Local Brand brand for Frozen Foods > Kebabs,Active
Frozen Foods,Kebabs,Imported Brand,Imported Brand brand for Frozen Foods > Kebabs,Active
Frozen Foods,Frozen Paratha,Dawn Foods,Dawn Foods brand for Frozen Foods > Frozen Paratha,Active
Frozen Foods,Frozen Paratha,Monsalwa,Monsalwa brand for Frozen Foods > Frozen Paratha,Active
Frozen Foods,Frozen Paratha,Menu,Menu brand for Frozen Foods > Frozen Paratha,Active
Frozen Foods,Frozen Paratha,Store Brand,Store Brand brand for Frozen Foods > Frozen Paratha,Active
Frozen Foods,Frozen Bread,Store Brand,Store Brand brand for Frozen Foods > Frozen Bread,Active
Frozen Foods,Frozen Bread,Local Brand,Local Brand brand for Frozen Foods > Frozen Bread,Active
Frozen Foods,Frozen Bread,Imported Brand,Imported Brand brand for Frozen Foods > Frozen Bread,Active
Frozen Foods,Frozen Vegetables,Store Brand,Store Brand brand for Frozen Foods > Frozen Vegetables,Active
Frozen Foods,Frozen Vegetables,Local Brand,Local Brand brand for Frozen Foods > Frozen Vegetables,Active
Frozen Foods,Frozen Vegetables,Imported Brand,Imported Brand brand for Frozen Foods > Frozen Vegetables,Active
Frozen Foods,Frozen Fruits,Store Brand,Store Brand brand for Frozen Foods > Frozen Fruits,Active
Frozen Foods,Frozen Fruits,Local Brand,Local Brand brand for Frozen Foods > Frozen Fruits,Active
Frozen Foods,Frozen Fruits,Imported Brand,Imported Brand brand for Frozen Foods > Frozen Fruits,Active
Frozen Foods,Ice Cream,Walls,Walls brand for Frozen Foods > Ice Cream,Active
Frozen Foods,Ice Cream,Omore,Omore brand for Frozen Foods > Ice Cream,Active
Frozen Foods,Ice Cream,Hico,Hico brand for Frozen Foods > Ice Cream,Active
Frozen Foods,Ice Cream,Igloo,Igloo brand for Frozen Foods > Ice Cream,Active
Frozen Foods,Kulfa,Store Brand,Store Brand brand for Frozen Foods > Kulfa,Active
Frozen Foods,Kulfa,Local Brand,Local Brand brand for Frozen Foods > Kulfa,Active
Frozen Foods,Kulfa,Imported Brand,Imported Brand brand for Frozen Foods > Kulfa,Active
Frozen Foods,Frozen Desserts,Store Brand,Store Brand brand for Frozen Foods > Frozen Desserts,Active
Frozen Foods,Frozen Desserts,Local Brand,Local Brand brand for Frozen Foods > Frozen Desserts,Active
Frozen Foods,Frozen Desserts,Imported Brand,Imported Brand brand for Frozen Foods > Frozen Desserts,Active
Bakery,Bread,Dawn,Dawn brand for Bakery > Bread,Active
Bakery,Bread,Bake Parlor,Bake Parlor brand for Bakery > Bread,Active
Bakery,Bread,United King,United King brand for Bakery > Bread,Active
Bakery,Bread,Local Bakery,Local Bakery brand for Bakery > Bread,Active
Bakery,Buns,Dawn,Dawn brand for Bakery > Buns,Active
Bakery,Buns,Bake Parlor,Bake Parlor brand for Bakery > Buns,Active
Bakery,Buns,Local Bakery,Local Bakery brand for Bakery > Buns,Active
Bakery,Cakes,CupKake,CupKake brand for Bakery > Cakes,Active
Bakery,Cakes,Bake Parlor,Bake Parlor brand for Bakery > Cakes,Active
Bakery,Cakes,Peek Freans,Peek Freans brand for Bakery > Cakes,Active
Bakery,Cakes,Store Brand,Store Brand brand for Bakery > Cakes,Active
Bakery,Cupcakes,Store Brand,Store Brand brand for Bakery > Cupcakes,Active
Bakery,Cupcakes,Local Brand,Local Brand brand for Bakery > Cupcakes,Active
Bakery,Cupcakes,Imported Brand,Imported Brand brand for Bakery > Cupcakes,Active
Bakery,Pastries,Store Brand,Store Brand brand for Bakery > Pastries,Active
Bakery,Pastries,Local Brand,Local Brand brand for Bakery > Pastries,Active
Bakery,Pastries,Imported Brand,Imported Brand brand for Bakery > Pastries,Active
Bakery,Donuts,Store Brand,Store Brand brand for Bakery > Donuts,Active
Bakery,Donuts,Local Brand,Local Brand brand for Bakery > Donuts,Active
Bakery,Donuts,Imported Brand,Imported Brand brand for Bakery > Donuts,Active
Bakery,Cookies,Peek Freans,Peek Freans brand for Bakery > Cookies,Active
Bakery,Cookies,LU,LU brand for Bakery > Cookies,Active
Bakery,Cookies,Bisconni,Bisconni brand for Bakery > Cookies,Active
Bakery,Cookies,EBM,EBM brand for Bakery > Cookies,Active
Bakery,Cookies,Oreo,Oreo brand for Bakery > Cookies,Active
Bakery,Cookies,Store Brand,Store Brand brand for Bakery > Cookies,Active
Bakery,Rusks,Bake Parlor,Bake Parlor brand for Bakery > Rusks,Active
Bakery,Rusks,Peek Freans,Peek Freans brand for Bakery > Rusks,Active
Bakery,Rusks,United King,United King brand for Bakery > Rusks,Active
Bakery,Rusks,Store Brand,Store Brand brand for Bakery > Rusks,Active
Bakery,Bakery Snacks,Store Brand,Store Brand brand for Bakery > Bakery Snacks,Active
Bakery,Bakery Snacks,Local Brand,Local Brand brand for Bakery > Bakery Snacks,Active
Bakery,Bakery Snacks,Imported Brand,Imported Brand brand for Bakery > Bakery Snacks,Active
Bakery,Bakery Desserts,Store Brand,Store Brand brand for Bakery > Bakery Desserts,Active
Bakery,Bakery Desserts,Local Brand,Local Brand brand for Bakery > Bakery Desserts,Active
Bakery,Bakery Desserts,Imported Brand,Imported Brand brand for Bakery > Bakery Desserts,Active
Bakery,Specialty Bakery,Store Brand,Store Brand brand for Bakery > Specialty Bakery,Active
Bakery,Specialty Bakery,Local Brand,Local Brand brand for Bakery > Specialty Bakery,Active
Bakery,Specialty Bakery,Imported Brand,Imported Brand brand for Bakery > Specialty Bakery,Active
Personal Care,Bath Soap,Lux,Lux brand for Personal Care > Bath Soap,Active
Personal Care,Bath Soap,Safeguard,Safeguard brand for Personal Care > Bath Soap,Active
Personal Care,Bath Soap,Lifebuoy,Lifebuoy brand for Personal Care > Bath Soap,Active
Personal Care,Bath Soap,Dove,Dove brand for Personal Care > Bath Soap,Active
Personal Care,Bath Soap,Palmolive,Palmolive brand for Personal Care > Bath Soap,Active
Personal Care,Body Wash,Store Brand,Store Brand brand for Personal Care > Body Wash,Active
Personal Care,Body Wash,Local Brand,Local Brand brand for Personal Care > Body Wash,Active
Personal Care,Body Wash,Imported Brand,Imported Brand brand for Personal Care > Body Wash,Active
Personal Care,Shampoo,Sunsilk,Sunsilk brand for Personal Care > Shampoo,Active
Personal Care,Shampoo,Head & Shoulders,Head & Shoulders brand for Personal Care > Shampoo,Active
Personal Care,Shampoo,Pantene,Pantene brand for Personal Care > Shampoo,Active
Personal Care,Shampoo,Clear,Clear brand for Personal Care > Shampoo,Active
Personal Care,Shampoo,Dove,Dove brand for Personal Care > Shampoo,Active
Personal Care,Shampoo,Tresemme,Tresemme brand for Personal Care > Shampoo,Active
Personal Care,Conditioner,Store Brand,Store Brand brand for Personal Care > Conditioner,Active
Personal Care,Conditioner,Local Brand,Local Brand brand for Personal Care > Conditioner,Active
Personal Care,Conditioner,Imported Brand,Imported Brand brand for Personal Care > Conditioner,Active
Personal Care,Hair Oil,Store Brand,Store Brand brand for Personal Care > Hair Oil,Active
Personal Care,Hair Oil,Local Brand,Local Brand brand for Personal Care > Hair Oil,Active
Personal Care,Hair Oil,Imported Brand,Imported Brand brand for Personal Care > Hair Oil,Active
Personal Care,Hair Color,Store Brand,Store Brand brand for Personal Care > Hair Color,Active
Personal Care,Hair Color,Local Brand,Local Brand brand for Personal Care > Hair Color,Active
Personal Care,Hair Color,Imported Brand,Imported Brand brand for Personal Care > Hair Color,Active
Personal Care,Hair Styling,Store Brand,Store Brand brand for Personal Care > Hair Styling,Active
Personal Care,Hair Styling,Local Brand,Local Brand brand for Personal Care > Hair Styling,Active
Personal Care,Hair Styling,Imported Brand,Imported Brand brand for Personal Care > Hair Styling,Active
Personal Care,Toothpaste,Colgate,Colgate brand for Personal Care > Toothpaste,Active
Personal Care,Toothpaste,Closeup,Closeup brand for Personal Care > Toothpaste,Active
Personal Care,Toothpaste,Sensodyne,Sensodyne brand for Personal Care > Toothpaste,Active
Personal Care,Toothpaste,Pepsodent,Pepsodent brand for Personal Care > Toothpaste,Active
Personal Care,Toothpaste,Medicam,Medicam brand for Personal Care > Toothpaste,Active
Personal Care,Toothbrush,Store Brand,Store Brand brand for Personal Care > Toothbrush,Active
Personal Care,Toothbrush,Local Brand,Local Brand brand for Personal Care > Toothbrush,Active
Personal Care,Toothbrush,Imported Brand,Imported Brand brand for Personal Care > Toothbrush,Active
Personal Care,Mouthwash,Store Brand,Store Brand brand for Personal Care > Mouthwash,Active
Personal Care,Mouthwash,Local Brand,Local Brand brand for Personal Care > Mouthwash,Active
Personal Care,Mouthwash,Imported Brand,Imported Brand brand for Personal Care > Mouthwash,Active
Personal Care,Face Wash,Store Brand,Store Brand brand for Personal Care > Face Wash,Active
Personal Care,Face Wash,Local Brand,Local Brand brand for Personal Care > Face Wash,Active
Personal Care,Face Wash,Imported Brand,Imported Brand brand for Personal Care > Face Wash,Active
Personal Care,Skin Care,Store Brand,Store Brand brand for Personal Care > Skin Care,Active
Personal Care,Skin Care,Local Brand,Local Brand brand for Personal Care > Skin Care,Active
Personal Care,Skin Care,Imported Brand,Imported Brand brand for Personal Care > Skin Care,Active
Personal Care,Lotion,Store Brand,Store Brand brand for Personal Care > Lotion,Active
Personal Care,Lotion,Local Brand,Local Brand brand for Personal Care > Lotion,Active
Personal Care,Lotion,Imported Brand,Imported Brand brand for Personal Care > Lotion,Active
Personal Care,Shaving,Store Brand,Store Brand brand for Personal Care > Shaving,Active
Personal Care,Shaving,Local Brand,Local Brand brand for Personal Care > Shaving,Active
Personal Care,Shaving,Imported Brand,Imported Brand brand for Personal Care > Shaving,Active
Personal Care,Deodorants,Axe,Axe brand for Personal Care > Deodorants,Active
Personal Care,Deodorants,Rexona,Rexona brand for Personal Care > Deodorants,Active
Personal Care,Deodorants,Nivea,Nivea brand for Personal Care > Deodorants,Active
Personal Care,Deodorants,Dove,Dove brand for Personal Care > Deodorants,Active
Personal Care,Deodorants,Fa,Fa brand for Personal Care > Deodorants,Active
Personal Care,Perfumes,Store Brand,Store Brand brand for Personal Care > Perfumes,Active
Personal Care,Perfumes,Local Brand,Local Brand brand for Personal Care > Perfumes,Active
Personal Care,Perfumes,Imported Brand,Imported Brand brand for Personal Care > Perfumes,Active
Personal Care,Feminine Care,Store Brand,Store Brand brand for Personal Care > Feminine Care,Active
Personal Care,Feminine Care,Local Brand,Local Brand brand for Personal Care > Feminine Care,Active
Personal Care,Feminine Care,Imported Brand,Imported Brand brand for Personal Care > Feminine Care,Active
Personal Care,Men's Grooming,Store Brand,Store Brand brand for Personal Care > Men's Grooming,Active
Personal Care,Men's Grooming,Local Brand,Local Brand brand for Personal Care > Men's Grooming,Active
Personal Care,Men's Grooming,Imported Brand,Imported Brand brand for Personal Care > Men's Grooming,Active
Personal Care,Health & Hygiene,Store Brand,Store Brand brand for Personal Care > Health & Hygiene,Active
Personal Care,Health & Hygiene,Local Brand,Local Brand brand for Personal Care > Health & Hygiene,Active
Personal Care,Health & Hygiene,Imported Brand,Imported Brand brand for Personal Care > Health & Hygiene,Active
Baby Care,Diapers,Pampers,Pampers brand for Baby Care > Diapers,Active
Baby Care,Diapers,Canbebe,Canbebe brand for Baby Care > Diapers,Active
Baby Care,Diapers,Molfix,Molfix brand for Baby Care > Diapers,Active
Baby Care,Diapers,Bona Papa,Bona Papa brand for Baby Care > Diapers,Active
Baby Care,Diapers,Shield,Shield brand for Baby Care > Diapers,Active
Baby Care,Baby Wipes,Pampers,Pampers brand for Baby Care > Baby Wipes,Active
Baby Care,Baby Wipes,Johnson's,Johnson's brand for Baby Care > Baby Wipes,Active
Baby Care,Baby Wipes,Shield,Shield brand for Baby Care > Baby Wipes,Active
Baby Care,Baby Wipes,Canbebe,Canbebe brand for Baby Care > Baby Wipes,Active
Baby Care,Baby Feeding,Store Brand,Store Brand brand for Baby Care > Baby Feeding,Active
Baby Care,Baby Feeding,Local Brand,Local Brand brand for Baby Care > Baby Feeding,Active
Baby Care,Baby Feeding,Imported Brand,Imported Brand brand for Baby Care > Baby Feeding,Active
Baby Care,Baby Bottles,Store Brand,Store Brand brand for Baby Care > Baby Bottles,Active
Baby Care,Baby Bottles,Local Brand,Local Brand brand for Baby Care > Baby Bottles,Active
Baby Care,Baby Bottles,Imported Brand,Imported Brand brand for Baby Care > Baby Bottles,Active
Baby Care,Baby Food,Store Brand,Store Brand brand for Baby Care > Baby Food,Active
Baby Care,Baby Food,Local Brand,Local Brand brand for Baby Care > Baby Food,Active
Baby Care,Baby Food,Imported Brand,Imported Brand brand for Baby Care > Baby Food,Active
Baby Care,Formula Milk,Nestle,Nestle brand for Baby Care > Formula Milk,Active
Baby Care,Formula Milk,Morinaga,Morinaga brand for Baby Care > Formula Milk,Active
Baby Care,Formula Milk,Aptamil,Aptamil brand for Baby Care > Formula Milk,Active
Baby Care,Formula Milk,Meiji,Meiji brand for Baby Care > Formula Milk,Active
Baby Care,Formula Milk,S-26,S-26 brand for Baby Care > Formula Milk,Active
Baby Care,Baby Shampoo,Store Brand,Store Brand brand for Baby Care > Baby Shampoo,Active
Baby Care,Baby Shampoo,Local Brand,Local Brand brand for Baby Care > Baby Shampoo,Active
Baby Care,Baby Shampoo,Imported Brand,Imported Brand brand for Baby Care > Baby Shampoo,Active
Baby Care,Baby Soap,Store Brand,Store Brand brand for Baby Care > Baby Soap,Active
Baby Care,Baby Soap,Local Brand,Local Brand brand for Baby Care > Baby Soap,Active
Baby Care,Baby Soap,Imported Brand,Imported Brand brand for Baby Care > Baby Soap,Active
Baby Care,Baby Lotion,Store Brand,Store Brand brand for Baby Care > Baby Lotion,Active
Baby Care,Baby Lotion,Local Brand,Local Brand brand for Baby Care > Baby Lotion,Active
Baby Care,Baby Lotion,Imported Brand,Imported Brand brand for Baby Care > Baby Lotion,Active
Baby Care,Baby Powder,Store Brand,Store Brand brand for Baby Care > Baby Powder,Active
Baby Care,Baby Powder,Local Brand,Local Brand brand for Baby Care > Baby Powder,Active
Baby Care,Baby Powder,Imported Brand,Imported Brand brand for Baby Care > Baby Powder,Active
Baby Care,Baby Accessories,Store Brand,Store Brand brand for Baby Care > Baby Accessories,Active
Baby Care,Baby Accessories,Local Brand,Local Brand brand for Baby Care > Baby Accessories,Active
Baby Care,Baby Accessories,Imported Brand,Imported Brand brand for Baby Care > Baby Accessories,Active
Baby Care,Baby Health,Store Brand,Store Brand brand for Baby Care > Baby Health,Active
Baby Care,Baby Health,Local Brand,Local Brand brand for Baby Care > Baby Health,Active
Baby Care,Baby Health,Imported Brand,Imported Brand brand for Baby Care > Baby Health,Active
Home Care,Laundry Detergent,Surf Excel,Surf Excel brand for Home Care > Laundry Detergent,Active
Home Care,Laundry Detergent,Ariel,Ariel brand for Home Care > Laundry Detergent,Active
Home Care,Laundry Detergent,Brite,Brite brand for Home Care > Laundry Detergent,Active
Home Care,Laundry Detergent,Bonus,Bonus brand for Home Care > Laundry Detergent,Active
Home Care,Laundry Detergent,Express,Express brand for Home Care > Laundry Detergent,Active
Home Care,Laundry Soap,Store Brand,Store Brand brand for Home Care > Laundry Soap,Active
Home Care,Laundry Soap,Local Brand,Local Brand brand for Home Care > Laundry Soap,Active
Home Care,Laundry Soap,Imported Brand,Imported Brand brand for Home Care > Laundry Soap,Active
Home Care,Fabric Softener,Store Brand,Store Brand brand for Home Care > Fabric Softener,Active
Home Care,Fabric Softener,Local Brand,Local Brand brand for Home Care > Fabric Softener,Active
Home Care,Fabric Softener,Imported Brand,Imported Brand brand for Home Care > Fabric Softener,Active
Home Care,Dishwashing,Lemon Max,Lemon Max brand for Home Care > Dishwashing,Active
Home Care,Dishwashing,Vim,Vim brand for Home Care > Dishwashing,Active
Home Care,Dishwashing,Max,Max brand for Home Care > Dishwashing,Active
Home Care,Dishwashing,Sunlight,Sunlight brand for Home Care > Dishwashing,Active
Home Care,Dishwashing,Pril,Pril brand for Home Care > Dishwashing,Active
Home Care,Floor Cleaner,Store Brand,Store Brand brand for Home Care > Floor Cleaner,Active
Home Care,Floor Cleaner,Local Brand,Local Brand brand for Home Care > Floor Cleaner,Active
Home Care,Floor Cleaner,Imported Brand,Imported Brand brand for Home Care > Floor Cleaner,Active
Home Care,Toilet Cleaner,Harpic,Harpic brand for Home Care > Toilet Cleaner,Active
Home Care,Toilet Cleaner,Domex,Domex brand for Home Care > Toilet Cleaner,Active
Home Care,Toilet Cleaner,Dettol,Dettol brand for Home Care > Toilet Cleaner,Active
Home Care,Toilet Cleaner,Store Brand,Store Brand brand for Home Care > Toilet Cleaner,Active
Home Care,Glass Cleaner,Store Brand,Store Brand brand for Home Care > Glass Cleaner,Active
Home Care,Glass Cleaner,Local Brand,Local Brand brand for Home Care > Glass Cleaner,Active
Home Care,Glass Cleaner,Imported Brand,Imported Brand brand for Home Care > Glass Cleaner,Active
Home Care,Kitchen Cleaner,Store Brand,Store Brand brand for Home Care > Kitchen Cleaner,Active
Home Care,Kitchen Cleaner,Local Brand,Local Brand brand for Home Care > Kitchen Cleaner,Active
Home Care,Kitchen Cleaner,Imported Brand,Imported Brand brand for Home Care > Kitchen Cleaner,Active
Home Care,Disinfectants,Store Brand,Store Brand brand for Home Care > Disinfectants,Active
Home Care,Disinfectants,Local Brand,Local Brand brand for Home Care > Disinfectants,Active
Home Care,Disinfectants,Imported Brand,Imported Brand brand for Home Care > Disinfectants,Active
Home Care,Air Fresheners,Air Wick,Air Wick brand for Home Care > Air Fresheners,Active
Home Care,Air Fresheners,Glade,Glade brand for Home Care > Air Fresheners,Active
Home Care,Air Fresheners,Sandal,Sandal brand for Home Care > Air Fresheners,Active
Home Care,Air Fresheners,Store Brand,Store Brand brand for Home Care > Air Fresheners,Active
Home Care,Insect Control,Store Brand,Store Brand brand for Home Care > Insect Control,Active
Home Care,Insect Control,Local Brand,Local Brand brand for Home Care > Insect Control,Active
Home Care,Insect Control,Imported Brand,Imported Brand brand for Home Care > Insect Control,Active
Home Care,Cleaning Chemicals,Store Brand,Store Brand brand for Home Care > Cleaning Chemicals,Active
Home Care,Cleaning Chemicals,Local Brand,Local Brand brand for Home Care > Cleaning Chemicals,Active
Home Care,Cleaning Chemicals,Imported Brand,Imported Brand brand for Home Care > Cleaning Chemicals,Active
Household,Tissue Paper,Rose Petal,Rose Petal brand for Household > Tissue Paper,Active
Household,Tissue Paper,Fine,Fine brand for Household > Tissue Paper,Active
Household,Tissue Paper,Premier,Premier brand for Household > Tissue Paper,Active
Household,Tissue Paper,Softex,Softex brand for Household > Tissue Paper,Active
Household,Toilet Rolls,Store Brand,Store Brand brand for Household > Toilet Rolls,Active
Household,Toilet Rolls,Local Brand,Local Brand brand for Household > Toilet Rolls,Active
Household,Toilet Rolls,Imported Brand,Imported Brand brand for Household > Toilet Rolls,Active
Household,Kitchen Rolls,Store Brand,Store Brand brand for Household > Kitchen Rolls,Active
Household,Kitchen Rolls,Local Brand,Local Brand brand for Household > Kitchen Rolls,Active
Household,Kitchen Rolls,Imported Brand,Imported Brand brand for Household > Kitchen Rolls,Active
Household,Garbage Bags,Store Brand,Store Brand brand for Household > Garbage Bags,Active
Household,Garbage Bags,Local Brand,Local Brand brand for Household > Garbage Bags,Active
Household,Garbage Bags,Imported Brand,Imported Brand brand for Household > Garbage Bags,Active
Household,Aluminum Foil,Store Brand,Store Brand brand for Household > Aluminum Foil,Active
Household,Aluminum Foil,Local Brand,Local Brand brand for Household > Aluminum Foil,Active
Household,Aluminum Foil,Imported Brand,Imported Brand brand for Household > Aluminum Foil,Active
Household,Cling Film,Store Brand,Store Brand brand for Household > Cling Film,Active
Household,Cling Film,Local Brand,Local Brand brand for Household > Cling Film,Active
Household,Cling Film,Imported Brand,Imported Brand brand for Household > Cling Film,Active
Household,Food Storage,Store Brand,Store Brand brand for Household > Food Storage,Active
Household,Food Storage,Local Brand,Local Brand brand for Household > Food Storage,Active
Household,Food Storage,Imported Brand,Imported Brand brand for Household > Food Storage,Active
Household,Plastic Products,Store Brand,Store Brand brand for Household > Plastic Products,Active
Household,Plastic Products,Local Brand,Local Brand brand for Household > Plastic Products,Active
Household,Plastic Products,Imported Brand,Imported Brand brand for Household > Plastic Products,Active
Household,Disposable Products,Store Brand,Store Brand brand for Household > Disposable Products,Active
Household,Disposable Products,Local Brand,Local Brand brand for Household > Disposable Products,Active
Household,Disposable Products,Imported Brand,Imported Brand brand for Household > Disposable Products,Active
Household,Cleaning Tools,Store Brand,Store Brand brand for Household > Cleaning Tools,Active
Household,Cleaning Tools,Local Brand,Local Brand brand for Household > Cleaning Tools,Active
Household,Cleaning Tools,Imported Brand,Imported Brand brand for Household > Cleaning Tools,Active
Household,Kitchen Tools,Store Brand,Store Brand brand for Household > Kitchen Tools,Active
Household,Kitchen Tools,Local Brand,Local Brand brand for Household > Kitchen Tools,Active
Household,Kitchen Tools,Imported Brand,Imported Brand brand for Household > Kitchen Tools,Active
Household,Household Accessories,Store Brand,Store Brand brand for Household > Household Accessories,Active
Household,Household Accessories,Local Brand,Local Brand brand for Household > Household Accessories,Active
Household,Household Accessories,Imported Brand,Imported Brand brand for Household > Household Accessories,Active
Pet Care,Cat Food,Store Brand,Store Brand brand for Pet Care > Cat Food,Active
Pet Care,Cat Food,Local Brand,Local Brand brand for Pet Care > Cat Food,Active
Pet Care,Cat Food,Imported Brand,Imported Brand brand for Pet Care > Cat Food,Active
Pet Care,Dog Food,Store Brand,Store Brand brand for Pet Care > Dog Food,Active
Pet Care,Dog Food,Local Brand,Local Brand brand for Pet Care > Dog Food,Active
Pet Care,Dog Food,Imported Brand,Imported Brand brand for Pet Care > Dog Food,Active
Pet Care,Bird Feed,Store Brand,Store Brand brand for Pet Care > Bird Feed,Active
Pet Care,Bird Feed,Local Brand,Local Brand brand for Pet Care > Bird Feed,Active
Pet Care,Bird Feed,Imported Brand,Imported Brand brand for Pet Care > Bird Feed,Active
Pet Care,Fish Feed,Store Brand,Store Brand brand for Pet Care > Fish Feed,Active
Pet Care,Fish Feed,Local Brand,Local Brand brand for Pet Care > Fish Feed,Active
Pet Care,Fish Feed,Imported Brand,Imported Brand brand for Pet Care > Fish Feed,Active
Pet Care,Pet Treats,Store Brand,Store Brand brand for Pet Care > Pet Treats,Active
Pet Care,Pet Treats,Local Brand,Local Brand brand for Pet Care > Pet Treats,Active
Pet Care,Pet Treats,Imported Brand,Imported Brand brand for Pet Care > Pet Treats,Active
Pet Care,Pet Hygiene,Store Brand,Store Brand brand for Pet Care > Pet Hygiene,Active
Pet Care,Pet Hygiene,Local Brand,Local Brand brand for Pet Care > Pet Hygiene,Active
Pet Care,Pet Hygiene,Imported Brand,Imported Brand brand for Pet Care > Pet Hygiene,Active
Pet Care,Pet Accessories,Store Brand,Store Brand brand for Pet Care > Pet Accessories,Active
Pet Care,Pet Accessories,Local Brand,Local Brand brand for Pet Care > Pet Accessories,Active
Pet Care,Pet Accessories,Imported Brand,Imported Brand brand for Pet Care > Pet Accessories,Active
Stationery & Office Supplies,Pens,Dollar,Dollar brand for Stationery & Office Supplies > Pens,Active
Stationery & Office Supplies,Pens,Piano,Piano brand for Stationery & Office Supplies > Pens,Active
Stationery & Office Supplies,Pens,Pointer,Pointer brand for Stationery & Office Supplies > Pens,Active
Stationery & Office Supplies,Pens,Pelikan,Pelikan brand for Stationery & Office Supplies > Pens,Active
Stationery & Office Supplies,Pens,Sensa,Sensa brand for Stationery & Office Supplies > Pens,Active
Stationery & Office Supplies,Pencils,Store Brand,Store Brand brand for Stationery & Office Supplies > Pencils,Active
Stationery & Office Supplies,Pencils,Local Brand,Local Brand brand for Stationery & Office Supplies > Pencils,Active
Stationery & Office Supplies,Pencils,Imported Brand,Imported Brand brand for Stationery & Office Supplies > Pencils,Active
Stationery & Office Supplies,Markers,Store Brand,Store Brand brand for Stationery & Office Supplies > Markers,Active
Stationery & Office Supplies,Markers,Local Brand,Local Brand brand for Stationery & Office Supplies > Markers,Active
Stationery & Office Supplies,Markers,Imported Brand,Imported Brand brand for Stationery & Office Supplies > Markers,Active
Stationery & Office Supplies,Notebooks,Ferozsons,Ferozsons brand for Stationery & Office Supplies > Notebooks,Active
Stationery & Office Supplies,Notebooks,Oxford,Oxford brand for Stationery & Office Supplies > Notebooks,Active
Stationery & Office Supplies,Notebooks,Dollar,Dollar brand for Stationery & Office Supplies > Notebooks,Active
Stationery & Office Supplies,Notebooks,Local Brand,Local Brand brand for Stationery & Office Supplies > Notebooks,Active
Stationery & Office Supplies,Registers,Store Brand,Store Brand brand for Stationery & Office Supplies > Registers,Active
Stationery & Office Supplies,Registers,Local Brand,Local Brand brand for Stationery & Office Supplies > Registers,Active
Stationery & Office Supplies,Registers,Imported Brand,Imported Brand brand for Stationery & Office Supplies > Registers,Active
Stationery & Office Supplies,Paper Products,Store Brand,Store Brand brand for Stationery & Office Supplies > Paper Products,Active
Stationery & Office Supplies,Paper Products,Local Brand,Local Brand brand for Stationery & Office Supplies > Paper Products,Active
Stationery & Office Supplies,Paper Products,Imported Brand,Imported Brand brand for Stationery & Office Supplies > Paper Products,Active
Stationery & Office Supplies,School Supplies,Store Brand,Store Brand brand for Stationery & Office Supplies > School Supplies,Active
Stationery & Office Supplies,School Supplies,Local Brand,Local Brand brand for Stationery & Office Supplies > School Supplies,Active
Stationery & Office Supplies,School Supplies,Imported Brand,Imported Brand brand for Stationery & Office Supplies > School Supplies,Active
Stationery & Office Supplies,Office Supplies,Store Brand,Store Brand brand for Stationery & Office Supplies > Office Supplies,Active
Stationery & Office Supplies,Office Supplies,Local Brand,Local Brand brand for Stationery & Office Supplies > Office Supplies,Active
Stationery & Office Supplies,Office Supplies,Imported Brand,Imported Brand brand for Stationery & Office Supplies > Office Supplies,Active
Stationery & Office Supplies,Art Supplies,Store Brand,Store Brand brand for Stationery & Office Supplies > Art Supplies,Active
Stationery & Office Supplies,Art Supplies,Local Brand,Local Brand brand for Stationery & Office Supplies > Art Supplies,Active
Stationery & Office Supplies,Art Supplies,Imported Brand,Imported Brand brand for Stationery & Office Supplies > Art Supplies,Active
Stationery & Office Supplies,Filing & Storage,Store Brand,Store Brand brand for Stationery & Office Supplies > Filing & Storage,Active
Stationery & Office Supplies,Filing & Storage,Local Brand,Local Brand brand for Stationery & Office Supplies > Filing & Storage,Active
Stationery & Office Supplies,Filing & Storage,Imported Brand,Imported Brand brand for Stationery & Office Supplies > Filing & Storage,Active
Electronics & Mobile Accessories,Chargers,Audionic,Audionic brand for Electronics & Mobile Accessories > Chargers,Active
Electronics & Mobile Accessories,Chargers,Ronin,Ronin brand for Electronics & Mobile Accessories > Chargers,Active
Electronics & Mobile Accessories,Chargers,Baseus,Baseus brand for Electronics & Mobile Accessories > Chargers,Active
Electronics & Mobile Accessories,Chargers,Anker,Anker brand for Electronics & Mobile Accessories > Chargers,Active
Electronics & Mobile Accessories,Chargers,Store Brand,Store Brand brand for Electronics & Mobile Accessories > Chargers,Active
Electronics & Mobile Accessories,Data Cables,Store Brand,Store Brand brand for Electronics & Mobile Accessories > Data Cables,Active
Electronics & Mobile Accessories,Data Cables,Local Brand,Local Brand brand for Electronics & Mobile Accessories > Data Cables,Active
Electronics & Mobile Accessories,Data Cables,Imported Brand,Imported Brand brand for Electronics & Mobile Accessories > Data Cables,Active
Electronics & Mobile Accessories,Earphones,Store Brand,Store Brand brand for Electronics & Mobile Accessories > Earphones,Active
Electronics & Mobile Accessories,Earphones,Local Brand,Local Brand brand for Electronics & Mobile Accessories > Earphones,Active
Electronics & Mobile Accessories,Earphones,Imported Brand,Imported Brand brand for Electronics & Mobile Accessories > Earphones,Active
Electronics & Mobile Accessories,Headphones,Store Brand,Store Brand brand for Electronics & Mobile Accessories > Headphones,Active
Electronics & Mobile Accessories,Headphones,Local Brand,Local Brand brand for Electronics & Mobile Accessories > Headphones,Active
Electronics & Mobile Accessories,Headphones,Imported Brand,Imported Brand brand for Electronics & Mobile Accessories > Headphones,Active
Electronics & Mobile Accessories,Power Banks,Store Brand,Store Brand brand for Electronics & Mobile Accessories > Power Banks,Active
Electronics & Mobile Accessories,Power Banks,Local Brand,Local Brand brand for Electronics & Mobile Accessories > Power Banks,Active
Electronics & Mobile Accessories,Power Banks,Imported Brand,Imported Brand brand for Electronics & Mobile Accessories > Power Banks,Active
Electronics & Mobile Accessories,Batteries,Energizer,Energizer brand for Electronics & Mobile Accessories > Batteries,Active
Electronics & Mobile Accessories,Batteries,Duracell,Duracell brand for Electronics & Mobile Accessories > Batteries,Active
Electronics & Mobile Accessories,Batteries,Panasonic,Panasonic brand for Electronics & Mobile Accessories > Batteries,Active
Electronics & Mobile Accessories,Batteries,Osaka,Osaka brand for Electronics & Mobile Accessories > Batteries,Active
Electronics & Mobile Accessories,Batteries,Store Brand,Store Brand brand for Electronics & Mobile Accessories > Batteries,Active
Electronics & Mobile Accessories,LED Bulbs,Philips,Philips brand for Electronics & Mobile Accessories > LED Bulbs,Active
Electronics & Mobile Accessories,LED Bulbs,Osram,Osram brand for Electronics & Mobile Accessories > LED Bulbs,Active
Electronics & Mobile Accessories,LED Bulbs,EcoStar,EcoStar brand for Electronics & Mobile Accessories > LED Bulbs,Active
Electronics & Mobile Accessories,LED Bulbs,TCL,TCL brand for Electronics & Mobile Accessories > LED Bulbs,Active
Electronics & Mobile Accessories,LED Bulbs,Store Brand,Store Brand brand for Electronics & Mobile Accessories > LED Bulbs,Active
Electronics & Mobile Accessories,Extension Boards,Store Brand,Store Brand brand for Electronics & Mobile Accessories > Extension Boards,Active
Electronics & Mobile Accessories,Extension Boards,Local Brand,Local Brand brand for Electronics & Mobile Accessories > Extension Boards,Active
Electronics & Mobile Accessories,Extension Boards,Imported Brand,Imported Brand brand for Electronics & Mobile Accessories > Extension Boards,Active
Electronics & Mobile Accessories,Mobile Accessories,Store Brand,Store Brand brand for Electronics & Mobile Accessories > Mobile Accessories,Active
Electronics & Mobile Accessories,Mobile Accessories,Local Brand,Local Brand brand for Electronics & Mobile Accessories > Mobile Accessories,Active
Electronics & Mobile Accessories,Mobile Accessories,Imported Brand,Imported Brand brand for Electronics & Mobile Accessories > Mobile Accessories,Active
Electronics & Mobile Accessories,Small Electronics,Store Brand,Store Brand brand for Electronics & Mobile Accessories > Small Electronics,Active
Electronics & Mobile Accessories,Small Electronics,Local Brand,Local Brand brand for Electronics & Mobile Accessories > Small Electronics,Active
Electronics & Mobile Accessories,Small Electronics,Imported Brand,Imported Brand brand for Electronics & Mobile Accessories > Small Electronics,Active
Electronics & Mobile Accessories,Computer Accessories,Store Brand,Store Brand brand for Electronics & Mobile Accessories > Computer Accessories,Active
Electronics & Mobile Accessories,Computer Accessories,Local Brand,Local Brand brand for Electronics & Mobile Accessories > Computer Accessories,Active
Electronics & Mobile Accessories,Computer Accessories,Imported Brand,Imported Brand brand for Electronics & Mobile Accessories > Computer Accessories,Active
Tobacco & Smoking Accessories,Cigarettes,Store Brand,Store Brand brand for Tobacco & Smoking Accessories > Cigarettes,Active
Tobacco & Smoking Accessories,Cigarettes,Local Brand,Local Brand brand for Tobacco & Smoking Accessories > Cigarettes,Active
Tobacco & Smoking Accessories,Cigarettes,Imported Brand,Imported Brand brand for Tobacco & Smoking Accessories > Cigarettes,Active
Tobacco & Smoking Accessories,Cigars,Store Brand,Store Brand brand for Tobacco & Smoking Accessories > Cigars,Active
Tobacco & Smoking Accessories,Cigars,Local Brand,Local Brand brand for Tobacco & Smoking Accessories > Cigars,Active
Tobacco & Smoking Accessories,Cigars,Imported Brand,Imported Brand brand for Tobacco & Smoking Accessories > Cigars,Active
Tobacco & Smoking Accessories,Smokeless Tobacco,Store Brand,Store Brand brand for Tobacco & Smoking Accessories > Smokeless Tobacco,Active
Tobacco & Smoking Accessories,Smokeless Tobacco,Local Brand,Local Brand brand for Tobacco & Smoking Accessories > Smokeless Tobacco,Active
Tobacco & Smoking Accessories,Smokeless Tobacco,Imported Brand,Imported Brand brand for Tobacco & Smoking Accessories > Smokeless Tobacco,Active
Tobacco & Smoking Accessories,Lighters,Store Brand,Store Brand brand for Tobacco & Smoking Accessories > Lighters,Active
Tobacco & Smoking Accessories,Lighters,Local Brand,Local Brand brand for Tobacco & Smoking Accessories > Lighters,Active
Tobacco & Smoking Accessories,Lighters,Imported Brand,Imported Brand brand for Tobacco & Smoking Accessories > Lighters,Active
Tobacco & Smoking Accessories,Matches,Store Brand,Store Brand brand for Tobacco & Smoking Accessories > Matches,Active
Tobacco & Smoking Accessories,Matches,Local Brand,Local Brand brand for Tobacco & Smoking Accessories > Matches,Active
Tobacco & Smoking Accessories,Matches,Imported Brand,Imported Brand brand for Tobacco & Smoking Accessories > Matches,Active
Tobacco & Smoking Accessories,Smoking Accessories,Store Brand,Store Brand brand for Tobacco & Smoking Accessories > Smoking Accessories,Active
Tobacco & Smoking Accessories,Smoking Accessories,Local Brand,Local Brand brand for Tobacco & Smoking Accessories > Smoking Accessories,Active
Tobacco & Smoking Accessories,Smoking Accessories,Imported Brand,Imported Brand brand for Tobacco & Smoking Accessories > Smoking Accessories,Active
Seasonal & Promotional,Ramadan,Store Brand,Store Brand brand for Seasonal & Promotional > Ramadan,Active
Seasonal & Promotional,Ramadan,Local Brand,Local Brand brand for Seasonal & Promotional > Ramadan,Active
Seasonal & Promotional,Ramadan,Imported Brand,Imported Brand brand for Seasonal & Promotional > Ramadan,Active
Seasonal & Promotional,Eid,Store Brand,Store Brand brand for Seasonal & Promotional > Eid,Active
Seasonal & Promotional,Eid,Local Brand,Local Brand brand for Seasonal & Promotional > Eid,Active
Seasonal & Promotional,Eid,Imported Brand,Imported Brand brand for Seasonal & Promotional > Eid,Active
Seasonal & Promotional,Winter Specials,Store Brand,Store Brand brand for Seasonal & Promotional > Winter Specials,Active
Seasonal & Promotional,Winter Specials,Local Brand,Local Brand brand for Seasonal & Promotional > Winter Specials,Active
Seasonal & Promotional,Winter Specials,Imported Brand,Imported Brand brand for Seasonal & Promotional > Winter Specials,Active
Seasonal & Promotional,Summer Specials,Store Brand,Store Brand brand for Seasonal & Promotional > Summer Specials,Active
Seasonal & Promotional,Summer Specials,Local Brand,Local Brand brand for Seasonal & Promotional > Summer Specials,Active
Seasonal & Promotional,Summer Specials,Imported Brand,Imported Brand brand for Seasonal & Promotional > Summer Specials,Active
Seasonal & Promotional,School Season,Store Brand,Store Brand brand for Seasonal & Promotional > School Season,Active
Seasonal & Promotional,School Season,Local Brand,Local Brand brand for Seasonal & Promotional > School Season,Active
Seasonal & Promotional,School Season,Imported Brand,Imported Brand brand for Seasonal & Promotional > School Season,Active
Seasonal & Promotional,Gift Packs,Store Brand,Store Brand brand for Seasonal & Promotional > Gift Packs,Active
Seasonal & Promotional,Gift Packs,Local Brand,Local Brand brand for Seasonal & Promotional > Gift Packs,Active
Seasonal & Promotional,Gift Packs,Imported Brand,Imported Brand brand for Seasonal & Promotional > Gift Packs,Active
Seasonal & Promotional,Promotional Bundles,Store Brand,Store Brand brand for Seasonal & Promotional > Promotional Bundles,Active
Seasonal & Promotional,Promotional Bundles,Local Brand,Local Brand brand for Seasonal & Promotional > Promotional Bundles,Active
Seasonal & Promotional,Promotional Bundles,Imported Brand,Imported Brand brand for Seasonal & Promotional > Promotional Bundles,Active
General Merchandise,Toys,Store Brand,Store Brand brand for General Merchandise > Toys,Active
General Merchandise,Toys,Local Brand,Local Brand brand for General Merchandise > Toys,Active
General Merchandise,Toys,Imported Brand,Imported Brand brand for General Merchandise > Toys,Active
General Merchandise,Gifts,Store Brand,Store Brand brand for General Merchandise > Gifts,Active
General Merchandise,Gifts,Local Brand,Local Brand brand for General Merchandise > Gifts,Active
General Merchandise,Gifts,Imported Brand,Imported Brand brand for General Merchandise > Gifts,Active
General Merchandise,Travel Accessories,Store Brand,Store Brand brand for General Merchandise > Travel Accessories,Active
General Merchandise,Travel Accessories,Local Brand,Local Brand brand for General Merchandise > Travel Accessories,Active
General Merchandise,Travel Accessories,Imported Brand,Imported Brand brand for General Merchandise > Travel Accessories,Active
General Merchandise,Religious Items,Store Brand,Store Brand brand for General Merchandise > Religious Items,Active
General Merchandise,Religious Items,Local Brand,Local Brand brand for General Merchandise > Religious Items,Active
General Merchandise,Religious Items,Imported Brand,Imported Brand brand for General Merchandise > Religious Items,Active
General Merchandise,Kitchenware,Store Brand,Store Brand brand for General Merchandise > Kitchenware,Active
General Merchandise,Kitchenware,Local Brand,Local Brand brand for General Merchandise > Kitchenware,Active
General Merchandise,Kitchenware,Imported Brand,Imported Brand brand for General Merchandise > Kitchenware,Active
General Merchandise,Plastic Ware,Store Brand,Store Brand brand for General Merchandise > Plastic Ware,Active
General Merchandise,Plastic Ware,Local Brand,Local Brand brand for General Merchandise > Plastic Ware,Active
General Merchandise,Plastic Ware,Imported Brand,Imported Brand brand for General Merchandise > Plastic Ware,Active
General Merchandise,Utility Items,Store Brand,Store Brand brand for General Merchandise > Utility Items,Active
General Merchandise,Utility Items,Local Brand,Local Brand brand for General Merchandise > Utility Items,Active
General Merchandise,Utility Items,Imported Brand,Imported Brand brand for General Merchandise > Utility Items,Active
General Merchandise,Hardware Essentials,Store Brand,Store Brand brand for General Merchandise > Hardware Essentials,Active
General Merchandise,Hardware Essentials,Local Brand,Local Brand brand for General Merchandise > Hardware Essentials,Active
General Merchandise,Hardware Essentials,Imported Brand,Imported Brand brand for General Merchandise > Hardware Essentials,Active
General Merchandise,Sewing Accessories,Store Brand,Store Brand brand for General Merchandise > Sewing Accessories,Active
General Merchandise,Sewing Accessories,Local Brand,Local Brand brand for General Merchandise > Sewing Accessories,Active
General Merchandise,Sewing Accessories,Imported Brand,Imported Brand brand for General Merchandise > Sewing Accessories,Active
General Merchandise,Miscellaneous,Store Brand,Store Brand brand for General Merchandise > Miscellaneous,Active
General Merchandise,Miscellaneous,Local Brand,Local Brand brand for General Merchandise > Miscellaneous,Active
General Merchandise,Miscellaneous,Imported Brand,Imported Brand brand for General Merchandise > Miscellaneous,Active
